Afghanistan,Afghanistan,AF,11,1
Albania,Albanie,AL,9,1
Algeria,Algérie,DZ,8,1
American Samoa,Samoa Américaines,AS,11,1
Andorra,Andorre,AD,7,1
Angola,Angola,AO,11,1
Anguilla,Anguilla C.B.,AI,11,1
Antigua,Antigua,AG,11,1
Argentina,Argentine,AR,11,1
Armenia,Arménie,AM,9,1
Aruba,Aruba,AW,11,1
Australia,Australie,AU,11,1
Austria,Autriche,AT,2,1
Azerbaijan,Azerbaijan,AZ,11,1
Bahamas,Bahamas,BS,11,1
Bahrain,Bahrein,BH,10,1
Bangladesh,Bangladesh,BD,11,1
Barbados,Barbades,BB,11,1
Belarus,Bielorussie,BY,9,1
Belgium,Belgique,BE,1,1
Belize,Belize,BZ,11,1
Benin,Bénin,BJ,11,1
Bermuda,Bermudes,BM,11,1
Bhutan,Bhoutan,BT,11,1
Bolivia,Bolivie,BO,11,1
Bonaire,Bonaire,BQ,11,1
Bosnia Herzegovina,Bosnie Herzegovine,BA,9,1
Botswana,Botswana,BW,11,1
Brazil,Brésil,BR,10,1
Brunei,Brunei,BN,11,1
Bulgaria,Bulgarie,BG,3,1
Burkina Faso,Burkina Faso,BF,11,1
Burundi,Burundi,BI,11,1
Cambodia,Cambodge,KH,11,1
Cameroon,Cameroun,CM,10,1
Canada,Canada,CA,4,1
Canary,Canaries,IC,8,1
Cape Verde (islands),Cap Vert (îles),CV,11,1
Cayman (islands),Cayman (îles),KY,11,1
Central Africa,Centrafrique,CF,11,1
Chad,Tchad,TD,11,1
Chile,Chili,CL,11,1
China,Chine,CN,8,1
Colombia,Colombie,CO,11,1
Comoros,Comores,KM,11,1
Congo,Congo,CG,10,1
Congo (Dem. Rep.),Congo (Rép.D.),CD,11,1
Cook (islands),Cook (îles),CK,11,1
Costa Rica,Costa Rica,CR,11,1
Croatia,Croatie,HR,3,1
Cuba,Cuba,CU,11,1
Curaçao,Curaçao,CW,11,1
Cyprus,Chypre,CY,3,1
Czech (Rep.),Tchèque (Rép),CZ,3,1
Denmark,Danemark,DK,2,1
Djibouti,Djibouti,DJ,11,1
Dominica (island),Dominique (île),DM,11,1
Dominican (Rep.),Dominicaine (Rép),DO,11,1
East Timor,Timor Oriental,TL,8,1
Ecuador,Equateur,EC,11,1
Egypt,Egypte,EG,8,1
El Salvador,El Salvador,SV,11,1
Equatorial Guinea,Guinée Equatoriale,GQ,11,1
Eritrea,Erythrée,ER,11,1
Estonia,Estonie,EE,3,1
Ethiopia,Ethiopie,ET,11,1
Falklands (islands),Falklands (îles),FK,11,1
Faroe (islands),Feroé (îles),FO,10,1
Fiji (islands),Fidji (îles),FJ,11,1
Finland,Finlande,FI,2,1
French Guiana,Guyane Française,GF,5,1
Gabon,Gabon,GA,10,1
Gambia,Gambie,GM,11,1
Georgia,Géorgie,GE,9,1
Germany,Allemagne,DE,1,1
Ghana,Ghana,GH,11,1
Gibraltar,Gibraltar,GI,7,1
Great Britain,Grande Bretagne,GB,6,1
Greece,Grece,GR,2,1
Greenland,Groenland,GL,10,1
Grenada (island),Grenade (île),GD,11,1
Guadeloupe,Guadeloupe,GP,5,1
Guam (island),Guam (île),GU,11,1
Guatemala,Guatemala,GT,11,1
Guernsey,Guernesey,GG,7,1
Guinea,Guinée République,GN,11,1
Guinea Bissau,Guinée Bissau,GW,11,1
Guyana,Guyana,GY,11,1
Haiti,Haïti,HT,11,1
Honduras,Honduras,HN,11,1
Hong Kong,Hong Kong,HK,8,1
Hungary,Hongrie,HU,3,1
Iceland,Islande,IS,10,1
India,Inde,IN,8,1
Indonesia,Indonésie,ID,8,1
Iran,Iran,IR,11,1
Iraq,Irak,IQ,11,1
Ireland,Irlande,IE,2,1
Israel,Israël,IL,10,1
Italy,Italie,IT,1,1
Ivory Coast,Côte d'Ivoire,CI,10,1
Jamaica,Jamaïque,JM,11,1
Japan,Japon,JP,8,1
Jersey,Jersey,JE,7,1
Jordan,Jordanie,JO,11,1
Kazakhstan,Kazakhstan,KZ,11,1
Kenya,Kenya,KE,11,1
Kiribati (Rep.),Kiribati (Rép),KI,11,1
Kosovo,Kosovo,XK,9,1
Kuwait,Koweit,KW,10,1
Kyrgyzistan,Kirghizistan,KG,11,1
Laos,Laos,LA,11,1
Latvia,Lettonie,LV,3,1
Lebanon,Liban,LB,10,1
Lesotho,Lesotho,LS,11,1
Liberia,Libéria,LR,11,1
Libya,Libye,LY,11,1
Liechtenstein,Liechtenstein,LI,7,1
Lithuania,Lithuanie,LT,3,1
Luxembourg,Luxembourg,LU,1,1
Macao,Macao,MO,11,1
Madagascar,Madagascar,MG,11,1
Malawi,Malawi,MW,11,1
Malaysia,Malaisie,MY,8,1
Maldives,Maldives,MV,11,1
Mali,Mali,ML,11,1
Malta,Malte,MT,3,1
Marshall (island),Marshall (île),MH,11,1
Martinique,Martinique,MQ,5,1
Maurice (island),Maurice (île),MU,10,1
Mauritania,Mauritanie,MR,11,1
Mayotte (island),Mayotte (île),YT,5,1
Mexico,Mexique,MX,8,1
Micronesia (Federated States of),"Micronésie, Etats fédérés de",FM,11,1
Moldova,Moldavie,MD,11,1
Mongolia,Mongolie,MN,11,1
Montenegro,Monténégro,ME,9,1
Montserrat,Montserrat,MS,11,1
Morocco,Maroc,MA,8,1
Mozambique,Mozambique,MZ,11,1
Myanmar (Burma),Birmanie (Myanmar),MM,11,1
Namibia,Namibie,NA,11,1
Nauru,Nauru,NR,11,1
Nepal,Népal,NP,11,1
Nevis,Nevis,KN,11,1
New Caledonia,Nlle Calédonie,NC,10,1
New Zealand,Nlle Zélande,NZ,11,1
Nicaragua,Nicaragua,NI,11,1
Niger,Niger,NE,11,1
Nigeria,Nigeria,NG,10,1
Niue (island),Niue (île),NU,11,1
North Korea,Corée du Nord,KP,8,1
North Macedonia,Macédoine Du Nord,MK,9,1
Northern Mariana (islands),N. Marianne (îles),MP,11,1
Norway,Norvège,NO,7,1
Oman,Oman,OM,11,1
Pakistan,Pakistan,PK,11,1
Palaos,Palaos,PW,10,1
Panama,Panama,PA,11,1
Papua New Guinea,Papouasie Nlle Guinée,PG,11,1
Paraguay,Paraguay,PY,11,1
Peru,Pérou,PE,11,1
Philippines,Philippines,PH,10,1
Poland,Pologne,PL,3,1
Polynesia,Polynésie,PF,10,1
Puerto Rico,Porto Rico,PR,11,1
Portugal,Portugal,PT,2,1
Qatar,Qatar,QA,10,1
Romania,Roumanie,RO,3,1
Russia,Russie,RU,11,1
Rwanda,Rwanda,RW,11,1
Saint Helena,Sainte Hélène,SH,11,1
Samoa,Samoa,WS,11,1
San Marino,San Marino,SM,7,1
Sao Tome and Principe,Sao Tomé et Principe,ST,10,1
Saudi Arabia,Arabie Saoudite,SA,10,1
Senegal,Sénégal,SN,10,1
Serbia,Serbie,RS,9,1
Seychelles,Seychelles,SC,11,1
Sierra Leone,Sierra Leone,SL,11,1
Singapore,Singapour,SG,8,1
Slovakia,Slovaquie (Rép),SK,3,1
Slovenia,Slovénie,SI,3,1
Solomon (islands),Salomon (îles),SB,11,1
Somalia,Somalie,SO,11,1
Somaliland  (Rep.),Somaliland  (Rép),SO,11,1
South Africa,Afrique du Sud,ZA,8,1
South Korea,Corée du Sud,KR,8,1
South Sudan,Sud Soudan,SS,11,1
Spain,Espagne,ES,1,1
Sri Lanka,Sri Lanka,LK,11,1
St Barthélémy,St Barthélémy,BL,5,1
St Eustache,St Eustache,BQ,11,1
St Kitts,St Kitts,KN,11,1
St Lucia,Ste Lucie,LC,11,1
St Martin,St Martin,MF,5,1
St Vincent,St Vincent,VC,11,1
Sudan,Soudan,SD,11,1
Suriname,Surinam,SR,11,1
Swaziland,Swaziland,SZ,11,1
Sweden,Suède,SE,2,1
Switzerland,Suisse,CH,7,1
Syria,Syrie,SY,11,1
Taiwan,Taïwan,TW,8,1
Tanzania,Tanzanie,TZ,11,1
Thailand,Thaïlande,TH,8,1
The Netherlands,Pays-Bas,NL,1,1
Togo,Togo,TG,11,1
Tonga,Tonga,TO,11,1
Trinidad and Tobago,Trinité et Tobago,TT,11,1
Tunisia,Tunisie,TN,8,1
Turkey,Turquie,TR,8,1
Turkmenistan,Turkmenistan,TM,11,1
Turks and Caicos (island),Turks et Caicos (île),TC,11,1
Tuvalu,Tuvalu,TV,11,1
Uganda,Ouganda,UG,11,1
Ukraine,Ukraine,UA,9,1
United Arab Emirates,Emirats Arabes Unis,AE,10,1
United States,Etats-Unis,US,4,1
Uruguay,Uruguay,UY,11,1
Uzbekistan,Ouzbekistan,UZ,11,1
Vanuatu,Vanuatu,VU,11,1
Vatican,Vatican,VA,1,1
Venezuela,Vénézuela,VE,10,1
Vietnam,Vietnam,VN,10,1
Virgin Islands (UK),Vierges UK (îles),VG,11,1
Virgin Islands (US),Vierges US (îles),VI,11,1
Yemen,Yemen,YE,11,1
Zambia,Zambie,ZM,11,1
Zimbabwe,Zimbabwe,ZW,11,1